x1,x2,class
2.046013034712295,1.8678239691394918,1.0
0.10349537482912272,1.9337757367614428,0.0
5.647688841134781,2.1697459328027726,2.0
5.821278698638749,1.8595903661948723,2.0
2.8525796909016727,2.0542473055596435,1.0
0.03323251031169557,2.3519647967572306,0.0
3.1813277616327023,1.9775402913502393,1.0
2.837283387292595,1.7100936333368777,1.0
-0.320664560227534,1.914904149395847,0.0
2.159097119641822,2.8760214083628632,1.0
2.70387829961967,2.4212334857798803,1.0
4.45337319015196,1.638807577676505,1.0
-0.4177630500529431,1.5620408529991623,0.0
3.7704451696017554,1.951642940294346,1.0
0.2062783954628054,2.082738214514039,0.0
4.171104202008901,2.4793719059997876,1.0
-0.06564599671405111,1.9119081594394065,0.0
3.0133423488189774,2.2326231081050016,1.0
6.48732554145806,1.9646094434726897,2.0
0.12324182481285645,2.1393635535040247,0.0
0.2936086617528892,1.2123822035050238,0.0
4.133922100086821,2.247002269691623,1.0
5.667790104906023,2.464586177441312,2.0
-0.04296563243252358,1.6154355667608942,0.0
0.6024107348895806,1.66917439580954,0.0
5.760617855258147,1.981846745907315,2.0
2.5713043405011216,2.4643243613726384,1.0
6.159819333846802,2.93250552534678,2.0
2.3304299683764773,1.3165917925476243,1.0
3.3091809550631597,2.260317282337967,1.0
2.3948497191666367,1.4333754869608755,1.0
2.4341871937684316,0.9450098108777378,1.0
3.356964045545947,1.0998036443566912,1.0
0.036264195757143666,2.0539141436530253,0.0
5.805762202933813,3.0401691925101906,2.0
-0.03042622181375501,1.9402106965726944,0.0
-0.2953061204610113,1.8137831852417716,0.0
0.28725581613424545,1.9241720911441045,0.0
2.3308904523972487,2.0617637807191835,1.0
3.7310869623358127,1.6464293161963341,1.0
0.773468313772928,2.6689740404184796,0.0
2.563100608899738,2.6113650628502607,1.0
-0.35137964735443844,2.0075481702858875,0.0
3.2914499767193375,2.8547389356392046,1.0
0.2692215820056912,1.5144974521802654,0.0
5.302586915263229,1.7470502909904084,2.0
6.100640000648076,1.566989986055508,2.0
0.004447138440044882,1.7861898484071048,0.0
-0.37962110873542765,2.63299471103707,0.0
2.690274915033485,1.9104481705577687,1.0
6.409128118941869,1.9315270582792599,2.0
-0.1280863786409944,1.7782383809513709,0.0
0.23352451453170622,2.1278579179786528,0.0
5.5546467505134185,2.2777975666021013,2.0
2.6853949178267156,2.192267319375219,1.0
3.451040187818144,1.9125805001974863,1.0
6.304177818906754,2.009572871961123,2.0
5.592130603526054,2.165815897767923,2.0
6.121987916626661,2.498164299010554,2.0
3.313735373161837,1.0200858749455568,1.0
4.12531037591084,2.2312955709372715,1.0
4.076684029613598,2.2121718570335416,2.0
3.3089767645855925,2.2747309254473587,1.0
6.794173864094457,2.163337039397654,2.0
3.282808461964437,1.4567061257572296,1.0
6.4522193469769205,2.505937733755464,2.0
6.041249374302622,1.493897201751476,2.0
5.903687123380412,2.16102438845428,2.0
-0.7273402177098979,2.4617398653674267,0.0
6.538296530208448,1.7115736996706612,2.0
0.02638196830260027,1.7708024042750623,0.0
3.6835730838800718,2.5251834782592173,1.0
3.616820059870989,1.1766429518617163,1.0
0.32805359546136115,2.1888480246787774,0.0
3.6575882782679745,1.195892013119317,1.0
5.494096660831014,1.4796363517489555,2.0
5.706644685538027,2.1207231694966686,2.0
5.5835382178425155,2.0671609579401267,2.0
7.903734368447626,2.055074897849317,2.0
6.395309035991778,3.1203622515526463,2.0
2.833224215356439,1.982303680095273,1.0
2.7519995782872004,1.6579571389934717,1.0
2.4440909207939625,1.8007806300924512,1.0
5.89477863313293,2.3758946940642964,2.0
3.5864218922486524,1.6100771888453917,1.0
0.8084554828317647,2.3209581709365787,0.0
-0.5030754655528946,2.008504981820904,0.0
6.370759374179287,3.8995829183136808,2.0
2.937591207804807,1.6438626421389708,1.0
3.613038221868454,2.471505986739519,1.0
5.283475700924578,1.6348721157156465,2.0
2.7324170158561674,2.790694736823376,1.0
0.28955721230507653,1.758448135858295,0.0
2.948350826987629,1.571294999698368,1.0
-0.055403632219095764,1.9565087073657108,0.0
2.307092851832469,2.3274126951972542,1.0
2.289173975588079,2.1076180357366305,1.0
6.5930999670257755,1.7943644473805995,2.0
0.2016144902874848,2.0124992806762534,0.0
6.7809769105549424,1.5186474117028625,2.0
0.11903422466510444,2.127064424042275,0.0
3.3370564396811164,1.164780162943484,1.0
3.0245929882361455,1.9504014604124036,1.0
3.207518543520123,2.5893302960334195,1.0
-0.06953105805985091,2.01581935356407,0.0
4.579124747717572,1.7460599418250589,2.0
-0.17776797890799936,2.095011676482704,0.0
3.9233107304934602,1.48315867842427,1.0
3.4030670482478738,1.677988544834506,1.0
3.324006519191081,2.8979501867308683,1.0
2.7403795742631516,1.891435556610897,1.0
2.243014364112465,2.137359470431005,1.0
2.8849904808661417,2.7012944643190338,1.0
3.0092779699980423,1.838974829050275,1.0
-0.35126584998405763,2.1769606106341577,0.0
1.33028252360621,2.4594823189510784,1.0
2.752408782874711,2.015829272238624,1.0
5.722292150887109,1.8129478816536124,2.0
2.886538975329046,2.3101786326026383,1.0
2.0431968396000872,1.2200706897995093,1.0
0.183695706203341,2.4314142966677426,0.0
5.620291441164914,1.7149518839846583,2.0
4.437898451640933,1.7414551607235005,1.0
0.18219063611103076,1.68381132371162,0.0
4.763196901026163,2.1852078789114175,2.0
2.925055567738815,1.3794035876161002,1.0
3.4340298393638515,1.750207775332579,1.0
6.096961364440814,2.444577421099921,2.0
3.595691953927534,2.4966228474202135,1.0
0.08894744809084824,2.1580305635814945,0.0
2.460769245516449,2.4119859900738856,1.0
3.262775318873795,2.410324609085027,1.0
2.4208477569196907,2.282435800476258,1.0
-0.4790548956267064,2.6732380011806036,0.0
-0.6770350719353937,1.720596339683278,0.0
0.24164661483304756,1.7773278455456838,0.0
2.9338681882554436,1.216895211951372,1.0
3.1779660227057596,1.3703742156414376,1.0
2.666714069338724,2.530825819853163,1.0
0.958137723922416,2.2673029680854833,0.0
2.255467974459295,2.8790067738018768,1.0
4.691175875105506,1.1716299397571217,2.0
0.5425994838248132,2.0246671545214543,0.0
3.10775663933415,2.398995646789811,1.0
0.3862393995111622,2.1045306801305865,0.0
2.597616441284294,2.1206105307660845,1.0
0.22398005937678292,1.1799884560463119,0.0
6.320359886489792,1.0062281145188778,2.0
0.3003639877004576,2.0975974943010414,0.0
-0.021390421633437563,1.5411137588593455,0.0
3.527336323585499,1.616253961240948,1.0
0.7864427099882302,1.5714405995113692,0.0
6.191745718599041,2.179701202898103,2.0
1.8717569868680466,2.4131744644800652,1.0
0.4814630441306699,2.411350835455572,0.0
0.29982557916900393,2.193965765510649,0.0
2.834978705245742,2.5793670016472703,1.0
0.25377458644013823,1.8343046121389301,0.0
3.9659460695857023,2.875953697228392,1.0
2.6032261474326224,2.745333870172197,1.0
-0.40074878252447066,2.561605598951235,0.0
-1.2962444392098706,1.3776699699867963,0.0
0.008717184571228597,2.150316788368345,0.0
2.975282520850759,2.5034212903275486,1.0
3.1017178075885194,2.2074543862273144,1.0
2.3454357118024323,2.6946854901361026,1.0
5.716265168533922,1.8409126853714834,2.0
0.07787753204100556,2.151786483893021,0.0
0.2114132633389493,2.2355125312772546,0.0
-0.27900274491504745,1.707517449742264,0.0
6.340034324790753,2.1706673686479157,2.0
0.38153748460550724,2.2404183840997796,0.0
-0.0041823761392868345,2.4474960860487522,0.0
6.261727202631793,2.0434072462714328,2.0
5.761514888915438,2.5109892856624274,2.0
-0.6330910346994079,1.5796288193425032,0.0
3.249780190773572,2.043608093988394,1.0
2.327775193698993,2.055998797837614,1.0
0.13243751238973028,1.7000263012606698,0.0
2.535109015100739,1.9304355781139853,1.0
2.773643885014497,1.8893382872979572,1.0
2.942395754558106,2.4108579601093805,1.0
2.3362224346403826,2.0886390401444968,1.0
0.06898217400469504,1.4174442906145646,0.0
2.1371583516041444,2.277732916159852,1.0
2.493446375825701,0.7538519582985708,1.0
3.151569663217094,1.4036378129146523,1.0
0.17798366123111714,2.1973277944043033,0.0
3.475959663497316,1.7921531977227174,1.0
3.8477323728966297,1.7904813109536002,1.0
0.23686514704926342,2.1429596201381464,0.0
3.3614742652827783,1.912391850512537,1.0
7.674160009116261,1.5271233526925547,2.0
2.785072198678533,1.9359359354235375,1.0
0.03032760462249556,1.7039402326107083,0.0
0.4179235674265946,2.117234058101672,0.0
3.234255111846855,2.0484196088263613,1.0
-0.04534412979765489,2.1442541571624822,0.0
2.6500961212215497,2.187344092139075,1.0
0.330326661117215,2.4538062998362005,0.0
3.1385472354308166,2.2993348653167147,1.0
2.7458057792868065,2.012549997762827,1.0
0.2974416149649917,1.7769018758634572,0.0
-0.45353947447400533,1.990033519008246,0.0
5.71484160146623,1.9567711250900326,2.0
3.778009804651429,1.5742439637939665,1.0
5.7641222989786165,2.734378840865393,2.0
-0.04770886904962026,2.6836129446566703,0.0
5.366112228732663,2.8293792326255938,2.0
4.7676563900522755,1.8620002867719303,2.0
2.7697230124178787,2.227512872440838,1.0
2.649558183652119,2.3984432512412086,1.0
2.7646156404000783,1.867666151631447,1.0
2.779679889999191,2.383065254286349,1.0
5.963711850761912,2.1448290265997936,2.0
-0.1890529634797184,2.16877888566141,0.0
0.16617342420914138,2.9360790957330964,0.0
2.941205486222348,2.9901846963122827,1.0
0.16371691116722123,2.192236863781682,0.0
-0.18766540308678462,2.219203331930685,0.0
3.1468999648758738,1.3959052118861401,1.0
3.4030240200828223,1.8019991879017863,1.0
3.103460814898833,1.8635873973325627,1.0
2.8594376065654004,1.6773225525769253,1.0
3.4308306956341643,2.3895401723083034,1.0
6.1474759040059395,1.3706799111815868,2.0
3.4224914098173813,1.938948518964839,1.0
0.2747109588448902,1.7411298578828849,0.0
5.422984043392344,2.6401679239425255,2.0
2.359931908314289,1.5006290222895784,1.0
3.045925236747443,2.2549536598872915,1.0
2.9064038301413793,2.444349764979568,1.0
2.975202923859906,1.8652081056104635,1.0
3.1149369489653083,2.0083612131640782,1.0
5.722191867710338,2.1306240227479605,2.0
5.393500336730518,1.2289876188751399,2.0
2.670435013694949,1.358474762242982,1.0
0.35979262738391626,2.678887357674175,0.0
-0.17048947744182122,2.0262513068332697,0.0
1.9609542586533864,2.1443478909586315,1.0
2.0126837822780885,1.7793595680740506,1.0
0.021195574944221626,1.6530532999598626,0.0
3.1620549153325364,2.1593641794128837,1.0
2.9875209579826554,2.9101148469876046,1.0
2.543755693155892,0.9145770090252836,1.0
-0.07587947802719852,1.82660813981112,0.0
-0.2959694840048263,2.705597474290385,0.0
3.7627049057981914,1.9420717056293728,1.0
3.0181857739344182,1.9117607299183759,1.0
2.9214358214884224,2.3703535548537698,1.0
0.6852884317524593,1.5112806987087843,0.0
0.5328153718643203,1.8303238510941007,0.0
6.6729401946958955,2.295328647000197,2.0
5.634029454218081,1.9069968361349343,2.0
2.1366719679505737,1.7845574000352051,1.0
3.025214730918245,1.8791354040230526,1.0
3.138445946118234,2.2931490979437275,1.0
-0.3213512722661199,1.7579603611928425,0.0
-0.262554452877929,1.9266288119146378,0.0
2.9059455268685506,2.058299548617537,1.0
3.959978575769584,1.7597642585355868,1.0
2.921187419471491,2.1354660673947223,1.0
-0.1657794229189577,1.4694148325482153,0.0
4.684905598436326,2.4646381604849528,1.0
3.4757763423706227,1.9007601066817723,1.0
2.940879794203216,1.6903867738705953,1.0
2.911930747653188,1.4854141545355197,1.0
5.989648771429392,2.016433032131803,2.0
2.1109024544815544,1.9106491026795203,1.0
0.5453867991819679,2.2367594340042936,0.0
2.718503955433482,1.5563032778194397,1.0
3.930108938645052,1.5502028024792116,1.0
0.08295631274767491,1.7222293747227102,0.0
5.878517401154813,2.751488436677895,2.0
0.4660914392164404,2.665798482119828,0.0
7.050776014494949,2.4986957586865666,2.0
6.617382187238526,1.2843445089819787,2.0
-0.026869536956101392,1.31794755324907,0.0
3.295837299113126,1.9289040848766337,1.0
5.674572689746855,2.1747507721751447,2.0
6.251288815467021,2.7149463660493085,2.0
-0.0581278257336816,1.3263667246076136,0.0
0.43919675798842434,2.249915351318651,0.0
2.8772572634490103,1.7872459348576035,1.0
2.691755846261299,1.86674150520027,1.0
-0.05477916204254815,1.6601577792456514,0.0
0.00738913701261504,1.2750947461321513,0.0
3.147476228051355,2.191459381652829,1.0
-0.2907058356720254,2.507953810105319,0.0
3.8082950410263394,2.3695648422999604,1.0
5.572685318729522,2.572981934364595,2.0
2.3333762673144047,1.6144414845938997,1.0
-0.1895642889909778,2.162875326769807,0.0
5.925997194305547,2.227877676838781,2.0
0.023025599639401016,2.202641375381408,0.0
2.090241541585671,2.541842863561865,1.0
3.6021439695920403,2.0992663887266856,1.0
-0.6911013554667197,2.0623997338181344,0.0
0.14190715571993423,2.2373024657793246,0.0
3.283656212826925,1.9251194384392012,1.0
0.4635434906518484,1.9543778656912625,0.0
-0.675441404037674,2.2640697534963996,0.0
-0.28730929935663474,1.6577851275455755,0.0
-0.04999443895795657,2.2036181885760113,0.0
2.5148189854340526,2.036099323041552,1.0
2.1548470430063764,1.8701990301792724,1.0
3.3937047887165708,2.481743658876939,1.0
-0.7982724650728312,1.7094467579971817,0.0
3.120726593791256,2.3957840323072626,1.0
2.9104879618564254,2.062575721818015,1.0
5.79546060506378,1.304399706677096,2.0
2.542187110339152,1.4778611925476035,1.0
-0.08580495550865026,2.2004094486555363,0.0
-0.30454587665882926,1.6692647327249106,0.0
2.4277184511347993,1.590745449662452,1.0
0.26192794953920007,2.0061093157949013,0.0
3.326773570265648,1.6855695602647272,1.0
2.5460589040422037,1.683479126806764,1.0
-1.062731278687159,2.0219067718600536,0.0
5.917196683235462,2.103883651841512,2.0
-0.11576153833101296,2.223771904853009,0.0
-0.36002156997688634,2.6214336847306376,0.0
3.2586669390758365,1.5563282089992523,1.0
0.4968299681096153,2.116348323415382,0.0
-0.07212462190977167,2.0312735454831126,0.0
3.058960493532402,1.513635816657619,1.0
2.7982596897219496,1.13460402243664,1.0
3.2188466162972484,1.8797585849432856,1.0
-0.08038154068276926,2.55752794308012,0.0
3.516522474118187,2.2875316062411217,1.0
5.957047943292946,2.38774250838977,2.0
4.101546178201703,2.481531362232326,1.0
0.2717850070348507,2.1031690785169204,0.0
2.947017322989896,2.4095444175795366,1.0
4.196277336080129,1.6262799527225758,1.0
6.698000725375928,3.1037725574964625,2.0
2.8839579985722437,1.838644614999907,1.0
5.800335997688757,1.6547741308975021,2.0
2.100822248401032,1.880094080718856,1.0
7.16667021166902,1.951492071422331,2.0
3.25841395977735,2.262720884890718,1.0
3.829400269753978,1.9290286368299525,1.0
4.920537010871251,1.293910973384023,2.0
5.611386664620809,1.200447395342816,2.0
2.4437842257292304,2.0308551660606535,1.0
3.2977700600616164,2.2478809915874565,1.0
3.1260723408781788,2.0377698467204897,1.0
3.913876397174427,2.2136194197134507,1.0
3.5251397441519097,1.5316989258236167,1.0
-0.1551884005609372,1.6294392636701853,0.0
-0.1433759767712559,1.9093780356557684,0.0
2.541145742711865,1.5118303685970025,1.0
3.374365197740618,2.774999353645125,1.0
-0.12614574306483975,2.00396715639927,0.0
2.9540245907846545,2.290695615018155,1.0
7.3283818153323566,1.9989579870717282,2.0
5.879994830001454,1.8145803069783288,2.0
0.6846690008426145,2.0903538027380923,0.0
0.6177973681350282,1.5044040178745695,0.0
-0.3532144799435557,1.4569913368813907,0.0
-0.6718835545885155,1.9236395463864198,0.0
2.6713946433288793,1.8139714873290993,1.0
-0.5457925903665151,2.467872315168148,0.0
2.5098652061788287,1.6907408534208304,1.0
3.3099305333897107,1.6783555856943466,1.0
-0.13796553881369264,2.1373032149079436,0.0
0.21418843422378508,1.7981808675153217,0.0
-0.09261218220193689,2.2577196359544667,0.0
-0.007520516911877409,1.6918983835643056,0.0
3.080937712230538,1.853933873944884,1.0
3.071350891106412,3.141345709966497,1.0
0.48972973345131193,2.1050793592353303,0.0
2.3695564195875956,1.6772824476293149,1.0
-0.1529609890995585,2.2080145787132053,0.0
0.2697584420970698,2.4301119737764214,0.0
5.398894700686943,1.9004672036788632,2.0
-0.7224616444215608,2.2852201968920416,0.0
3.268199358600404,2.6582202708315914,1.0
3.0547450598728045,1.4918936182146516,1.0
6.297693504325286,1.2744761910617783,2.0
-0.02002040497254151,1.7134773681052207,0.0
5.713251899340494,2.8150888072884435,2.0
2.9165555345971645,1.5835349091628665,1.0
1.2835252224652771,1.6915525563624971,0.0
2.5066212393665936,1.6309671500220981,1.0
3.3998180801409346,1.6522675981520503,1.0
3.331087979072344,1.7921446876093265,1.0
-0.26232298470508036,1.8834457004808174,0.0
3.224940859644647,1.7673948189223823,1.0
-0.2873003152982258,1.7283771652958813,0.0
0.46129941606593416,2.0814009434662517,0.0
4.056369284264134,1.83405829152479,1.0
-0.1354671365204714,1.7771898131847261,0.0
-0.2600157088113949,1.6737292872710072,0.0
4.080203406775748,1.735333270594558,1.0
0.2658011021923983,2.433791831447941,0.0
3.1792113730554217,2.1442452816822017,1.0
3.533880011007218,0.9284837114566995,1.0
0.057311864194696305,2.087552704638613,0.0
3.568381830115522,1.2474441602233597,1.0
2.1469534724508588,1.959653548061821,1.0
5.385714965526128,1.1649120854313457,2.0
5.189750594698184,2.3683083889462697,2.0
-0.3132505680540391,2.1572841319015454,0.0
2.4720531500098293,2.383044741725243,1.0
2.9847218141272567,2.946477934628058,1.0
7.000883435297043,1.2126186817923181,2.0
2.4327332185448,2.761872944433466,1.0
-0.05680223757333092,2.094488158328717,0.0
6.123885971193262,2.14977781494828,2.0
-0.2988022608585006,2.440768273249856,0.0
3.8568666414081267,2.079369745269362,1.0
2.971391647255773,2.000060589653072,1.0
3.3105607855620436,1.0911168057261453,1.0
-0.12128640295251902,1.7897594956999252,0.0
0.023914955218848562,1.5268821030778066,0.0
0.47268765569920707,1.7458721744578967,0.0
2.560217900433287,1.9200383827972656,1.0
3.311382821412269,2.706525093329497,1.0
5.965384512315095,1.55344313164564,2.0
5.140166023415084,2.1705694093274714,2.0
3.4208160921900115,1.4992232521359892,1.0
3.8168466728019554,2.6490746454698786,1.0
5.7662739454661445,1.4351135581256176,2.0
6.603781305735536,2.4114691129049777,2.0
5.4795367561403125,2.8083718323045423,2.0
5.944629466528554,2.4785957212815894,2.0
-0.5758220353785132,1.9902466828835275,0.0
-1.081470637971186,2.0801910230548994,0.0
2.7581615010904685,1.6004983663334795,1.0
2.7440095636960673,2.0725407743586874,1.0
2.884470865932338,2.697206306025282,1.0
0.5645082053956554,1.8952670889690362,0.0
2.6384161332919023,3.0007433422382075,1.0
3.805056480685237,2.6880349194472437,1.0
2.998163666627476,1.3225438989739773,1.0
2.8129144432987103,1.8143503695433452,1.0
2.917620252144996,1.0958175581153888,1.0
0.10121648464926354,2.129568650881665,0.0
0.5227392315356804,2.1036206485568707,0.0
6.087128362603316,1.5695933152299621,2.0
2.301852189439865,1.9813053736715511,1.0
2.697177023221061,1.9629948744959518,1.0
3.5979992260616696,2.2740845134172663,1.0
3.3242838867028817,1.3846203681900655,1.0
-0.07723662716257242,2.3023060093304224,0.0
3.490756263155261,2.7235126853058707,1.0
3.9467669528371823,2.112376309897721,1.0
0.0856354171941543,1.5833781859856393,0.0
5.727948937594121,2.8604232133575778,2.0
2.566318893516084,1.446705712820247,1.0
0.30622487918744556,1.3922345106010197,0.0
0.1863127367906933,1.730641031618568,0.0
0.21467178304891135,2.345100468499833,0.0
3.53528908418091,2.796421433724748,1.0
2.8766579384381195,1.5202064588972586,1.0
5.737187670306159,2.520989724556629,2.0
6.43484808527727,1.8201891041360083,2.0
3.6893992619958706,1.574449640851065,1.0
0.6562902949556478,2.0738207297425526,0.0
3.2961261855032538,1.9926956889065053,1.0
6.315383599851742,2.3317957175618247,2.0
2.2503072606436687,1.8540339746607186,1.0
0.20344480249451605,2.3771734781306173,0.0
3.728778045208582,2.5906259065852577,1.0
3.547994059322547,1.8805956124605674,1.0
5.050944203518994,1.5725427216754795,2.0
6.697537175143062,1.278086164986811,2.0
-0.2130589376910688,1.5659218733378484,0.0
2.6294998569253147,2.2527472237689805,1.0
5.350177611239466,2.3417624830698003,2.0
-0.12773625710460748,1.9113288325414062,0.0
3.989912915899158,1.9236906591277545,1.0
-0.15613213657185226,1.9358785741224975,0.0
5.926102413532669,2.0309544247129585,2.0
4.021565954649424,1.3413736692428302,1.0
6.037318993368559,1.993670661861871,2.0
3.3869256301614703,1.3942462366501955,1.0
-0.78053101492313,1.147029833001444,0.0
4.33343799838438,1.8783749663195153,1.0
2.7786313305035035,2.0285985212369138,1.0
6.381155154836374,1.3032811895250307,2.0
3.9063970503998924,2.1317832635162755,1.0
3.385491479096585,1.2310110253795647,1.0
5.653116596056386,1.9265933769985473,2.0
4.22327965444498,2.1221082135848515,1.0
0.6576144070238165,2.100886839781258,0.0
5.227005372750245,1.8013191003600966,2.0
5.957677034478505,1.049542877883558,2.0
3.364751081358893,2.443570722465096,1.0
1.8802181673290628,1.6368193797116244,1.0
3.547337802770061,2.0050325415493497,1.0
2.06537068939423,2.396724790783515,1.0
2.465499153883468,2.5456546372793944,1.0
-0.17141618984998194,2.391413392428495,0.0
2.64460791833734,2.967311229281705,1.0
2.406668470884749,2.0461581232452866,1.0
0.7694706125921074,2.1234636779549034,0.0
0.533199524599929,2.469738750885069,0.0
2.672236974677555,1.4994383918225518,1.0
0.12457309094835127,2.3178941053541187,0.0
0.37514173923821353,1.8596945387405395,0.0
0.5622954259618036,2.2227937921056053,0.0
3.125983714470562,2.43324901739694,1.0
6.138295208919189,2.4577099195870145,2.0
6.019027979531695,1.6680122761873397,2.0
-0.401930528085393,1.8095840094371356,0.0
3.303651228837582,1.460349720706632,1.0
2.586732254812512,1.4181474783100714,1.0
5.71758343794496,0.7174064799372228,2.0
2.4259838661788082,2.3612153531969344,1.0
3.3216208642705425,2.534264742428764,1.0
2.755944329061761,1.8474456822104919,1.0
1.6146175476413647,1.2425198351622142,1.0
6.713373970345072,0.7611015581517773,2.0
2.5293421052049982,2.7658484417463916,1.0
2.6750118799248837,2.392957357280579,1.0
-0.08719980216968895,2.095893603129386,0.0
5.62442288333294,2.217068669693105,2.0
3.666891965804506,1.7349697548245375,1.0
4.517326599416068,2.0111162669879876,1.0
5.368872837928169,2.0703173242505746,2.0
6.613288647839532,2.2407079187461587,2.0
4.4892204012971115,2.3005554182597723,1.0
-0.023759360487014488,2.4762389443162998,0.0
-0.9991288955350657,2.105054532159645,0.0
6.156743546447615,3.0863924589606064,2.0
1.554543648372148,2.1363187481667802,1.0
3.2000320702233656,1.3266085444763864,1.0
5.934573791885621,0.8506830364804869,2.0
3.4529811932059333,2.1259486091494875,1.0
0.3528768784099664,2.0682031743617983,0.0
5.5597796144050555,1.5577186351022396,2.0
2.723267338587642,0.7767881306471416,1.0
3.170925135553002,2.490237862805517,1.0
2.8889317638099756,1.7483408178674233,1.0
2.3891620633893624,2.258479228716298,1.0
0.11690910979840559,1.954534660346349,0.0
3.190332879563507,1.2388444856218797,1.0
0.17839971684170283,1.778606622991812,0.0
7.31231514742792,2.2451504593566654,2.0
3.4234290758386634,2.492411072640952,1.0
-0.32757799194083714,1.578864894225089,0.0
-1.41766411048498,1.5483922425208863,0.0
0.6128724407409628,1.889230820688286,0.0
5.883927420849731,1.9956002113882045,2.0
2.3174523605868513,1.389403566243597,1.0
5.982837925051028,1.386221877331796,2.0
2.9267583058919033,1.9155117724370843,1.0
7.0558079412852885,2.492312406209563,2.0
0.15207043240643775,1.9657332093714677,0.0
2.460010112393587,2.1058849833848665,1.0
2.686526108494133,2.312709680637626,1.0
2.7480329790441567,2.165135131375353,1.0
-0.10182832724337855,1.472602140266936,0.0
6.0162095488018155,1.838977545817879,2.0
0.6361414817732958,1.6493558890106024,0.0
0.28139042267917563,2.188152497476695,0.0
0.7128696181918113,2.271448882039726,0.0
4.175966952250933,1.8881341771878668,1.0
2.9340417400992234,2.142494349827775,1.0
0.45158201477267024,1.9244926662271469,0.0
3.9765104526920636,2.4951947265123158,1.0
3.4820095154638713,2.109292801174558,1.0
2.835024515062695,1.9203397876349932,1.0
3.1727374921275087,2.3797968121356923,1.0
0.10499664996977325,2.310342739972172,0.0
-0.08018673158778271,1.954899556596977,0.0
2.2526773634273307,1.8292620274100195,1.0
3.2970266051160118,1.9548637220822893,1.0
4.625470102884131,1.7050779328986279,2.0
2.6506325168166858,1.987806240000448,1.0
-0.19564179634695575,2.2064131295938045,0.0
-0.3280445072442158,2.1788885528097994,0.0
3.064278893535838,1.8760557409979124,1.0
2.420256747734845,2.472006480042601,1.0
3.1148689459460046,1.96432313119631,1.0
2.456398564905954,1.9993510740703302,1.0
5.62614256017782,3.058628159079034,2.0
3.748518805605551,1.8224187008314547,1.0
0.31870395941800117,2.336063347984669,0.0
2.884156359550138,1.2845438542366605,1.0
0.39882483698178445,1.718871526628301,0.0
-0.8807906577257635,2.223891090325608,0.0
0.33899179359526804,1.9363471488271808,0.0
2.8373712812538825,2.2612760000687397,1.0
5.4910505713386675,1.5014735542860154,2.0
3.2345987642941045,2.1507134671426895,1.0
2.7810569218975663,1.5839521638313085,1.0
-0.1325590845710404,2.2372908263250113,0.0
2.295654704892856,2.0020357400697373,1.0
5.521439701934401,1.5825957707485392,2.0
-0.10457466185770624,1.9510538769727337,0.0
0.02164707860311307,2.4029591982759646,0.0
0.3904189526462964,1.8701584659712995,0.0
-0.443673273214812,1.9577286592032077,0.0
3.200272328834501,2.575043165363028,1.0
-0.38850404175472897,2.460605126445945,0.0
4.519622701564736,2.1442252759743305,1.0
2.5056344206548276,2.0523354078777944,1.0
3.264134568783292,2.3755143201191418,1.0
3.1993046054653034,2.653661310036413,1.0
-0.22964122810360035,2.5198370462067,0.0
6.264130588768116,1.3983689446658816,2.0
2.9628031558884764,2.4722478390379496,1.0
2.209745902194469,2.905640927806012,1.0
2.7045027696002197,2.113526018324641,1.0
2.7806623067392695,1.689915424978905,1.0
2.390622319776618,2.4122650125427088,1.0
3.568673241259869,1.9805465572439376,1.0
4.379430083620781,1.007982943584918,2.0
3.0355351562840136,1.3329555256451102,1.0
5.508308880274867,1.11096501354268,2.0
6.163529970611118,2.301501840038046,2.0
5.555089496795344,1.6733210838879475,2.0
2.331284781817142,1.3639682865006395,1.0
-0.48739369879993427,2.2907187244459517,0.0
-0.34340001023302774,2.305661723180927,0.0
3.222022134385232,1.7961557647560984,1.0
2.828119717258982,1.800187214246233,1.0
0.2432732858915762,2.1250076914157985,0.0
2.7883778948064712,2.297059088547367,1.0
3.5948994807824777,2.846988537532192,1.0
2.712120524367321,1.79456903882936,1.0
2.786422142662046,2.0664009557761287,1.0
3.201502080577828,1.4393446579466533,1.0
0.018927536213638706,1.3234685342714754,0.0
-0.007607315824002476,2.3949087287804183,0.0
6.190431314593177,2.152523307867219,2.0
2.6473475864655596,1.743210938703485,1.0
-0.30933609219447833,1.557427678047523,0.0
2.538152283999919,2.1229107280778288,1.0
0.2354465880940815,1.9141259763167617,0.0
2.5782755136107545,1.1758631995726354,1.0
2.670974617827452,1.4674657643977396,1.0
0.3711877211409662,2.0775532396459298,0.0
2.408945344784168,2.1300355821364616,1.0
6.372150470731087,2.1489809013833034,2.0
6.223057285619458,1.7071954348218712,2.0
2.644234717196471,2.619195190475523,1.0
2.718823313296137,1.5080554644636934,1.0
0.06053156487702336,1.8739784157200303,0.0
2.6882599619747327,0.7830298973779488,1.0
3.227017644410433,1.8897012778898397,1.0
3.769966685078621,2.0516840327959436,1.0
0.6265121850690447,1.8613101131319527,0.0
-0.8364991560509382,1.7235621051114833,0.0
5.986444103168964,2.3649011073438486,2.0
2.7482030470951373,2.149120946643461,1.0
0.303283113981431,1.8777148523625968,0.0
0.021077957591696273,2.568345915943731,0.0
3.441625002074308,1.436342945564656,1.0
5.991787893129803,1.7471461587237354,2.0
3.0092431931890076,1.7875136340362032,1.0
0.05628468892055885,1.8678254976094781,0.0
2.7904331466127306,1.6924630730559942,1.0
0.35109107930021494,1.9824162848886986,0.0
6.306583535111441,1.7492159106861032,2.0
3.38197055114297,2.1225982236090983,1.0
2.6569498750661356,2.143080350456266,1.0
6.043165405468625,2.0475483276878554,2.0
2.4333655602485194,2.2564619263686994,1.0
-0.05007909232032169,1.8914178705704803,0.0
2.8846368938957525,1.4844618950656991,1.0
3.1030471446195698,1.7158728099677691,1.0
5.681809879227784,1.232287051531868,2.0
5.768936112990159,1.8757023673739366,2.0
0.9145217357874069,2.290639723695588,0.0
5.833156485200054,2.0609492519286525,2.0
6.433306276951127,1.79875194488916,2.0
0.9134210235639816,1.9375339029182124,0.0
6.365478470529851,1.9349645090892227,2.0
-0.9396848815240931,2.009729041928477,0.0
2.3813049269646154,1.9325288712623663,1.0
-0.08700442048774348,1.9004621281340726,0.0
-0.8049050026893472,2.105664962382162,0.0
2.8167279310877835,1.8251155068075573,1.0
3.3389903371547676,1.4874724678089093,1.0
5.2766938893291515,2.795892781273353,2.0
1.6845362556951256,1.9105169194781868,1.0
2.5982353698575826,2.1004622132790707,1.0
5.634760582490159,2.695220221464481,2.0
3.3139335454499905,1.989829145345585,1.0
4.317945852002808,2.191494668513064,1.0
3.2970754829176325,2.525359556784845,1.0
3.2821002737548257,2.2256001820119646,1.0
0.01765967129492108,1.8677686963825928,0.0
0.6728042702978299,2.350247766324167,0.0
6.6874740273258935,2.927257031076765,2.0
2.6860180453330007,1.9171520137765046,1.0
6.784341544546087,2.0347494331130336,2.0
5.7976201013225666,1.8474678534535647,2.0
2.669635971176897,2.7454218258876857,1.0
6.931163437706402,2.528726539825077,2.0
3.1443921692426087,1.705046969547501,1.0
3.2349525915366644,3.0247717258898206,1.0
-0.1871677920504445,1.9632680149926391,0.0
5.865812631661252,1.5476698413010412,2.0
2.9285446493152443,1.8998974725458762,1.0
0.6387325292251045,1.6588328254171354,0.0
-0.3655158548369471,2.3284989632924393,0.0
5.892509558948852,2.039344188693512,2.0
-0.7346973347914572,2.3087330526284338,0.0
0.3377519576985429,2.4705991855744,0.0
2.894713614383474,1.8939587316913675,1.0
2.7798226779639084,2.3929386146772806,1.0
4.230044858271223,1.7912892660673285,1.0
0.5911054680779849,1.7218233171595858,0.0
-0.684090837432144,2.075858107172507,0.0
-0.4700369075108388,1.8045385143677217,0.0
0.534780851743088,2.06986338024858,0.0
3.317905875472637,2.267510739053903,1.0
-0.49261426187676854,2.174758071987173,0.0
5.836761370402884,1.8279258154902083,2.0
-0.2845453693131903,2.028900459249905,0.0
2.4129677133128364,2.176788168206118,1.0
3.382439293061308,1.8993522909326386,1.0
6.872895669695406,2.8630693876391695,2.0
2.526365756009934,2.0439114600972896,1.0
2.900479654865223,2.2399257898106946,1.0
4.047280899498071,1.7906638644450519,1.0
3.386325292254421,2.239795448284341,1.0
2.2793498463817294,2.9035662715570774,1.0
3.94776275365839,1.8944434829716033,1.0
0.02386966431147605,1.5837032344822528,0.0
2.745194356391558,2.4504302631519583,1.0
0.23008204381537142,2.337351555819253,0.0
3.3257236262296925,3.1103616500075084,1.0
2.926187179101386,1.7523790076679344,1.0
3.486826559926566,1.9556827628900764,1.0
4.004900598402973,2.7982034113859413,1.0
3.590248603276505,2.0570390644293624,1.0
0.6627250994478834,1.8987805419669148,0.0
3.455628768418207,1.984357260727515,1.0
2.801957761035402,2.115843849757802,1.0
2.9954672475418422,2.0254805643343428,1.0
3.4370906174046527,1.7669344424747389,1.0
6.042337359958215,1.6022073131577448,2.0
6.506787108610602,1.9750541941010815,2.0
3.5508247722322777,1.4499881067793665,1.0
5.9677290930064615,1.7837897630793862,2.0
2.6010915304586333,2.2247068201233087,1.0
3.172468764301082,1.9483966403761697,1.0
2.3648323569302985,1.5437161127687429,1.0
-0.2657916718655511,1.900099326251118,0.0
6.203738154399129,1.680344112556679,2.0
2.7226233394684014,2.0006079969528776,1.0
3.2592255218144732,1.3049282048214526,1.0
6.286890590506394,2.140617378047755,2.0
0.02273499407529378,1.5885905274184324,0.0
0.3551738943431849,2.375010770307434,0.0
0.4202487127300147,1.9748956533571809,0.0
0.5054468838430998,2.051091179049302,0.0
5.889830717448457,2.036465401613429,2.0
5.523990875713473,0.9630551812207708,2.0
4.9337450552604665,2.3865520298634557,2.0
3.858507333409143,1.0748677056861697,1.0
0.06265253079413004,1.909513620167955,0.0
0.34163342065036345,2.3145754021075584,0.0
3.149242524384312,2.170139259433579,1.0
0.11645287050679211,1.8692538350864139,0.0
3.204398746009401,2.3324251184303457,1.0
-0.02791440695037713,2.28548482677129,0.0
2.5201920235512065,1.8245265563571595,1.0
5.586338510832123,2.662176283529759,2.0
-0.3128623814038228,2.0575140341133555,0.0
6.781536104648618,1.8285608511486808,2.0
0.25518599049001445,2.236541150926933,0.0
3.7620931998628677,1.9405600385927477,1.0
0.012413990284057623,2.405391246407153,0.0
2.1825544555737397,2.006732629009054,1.0
-0.01160738841957977,1.5675077020646206,0.0
3.380101125718137,1.5500291289458932,1.0
2.2560639047413993,2.2404893811492124,1.0
3.4093936739181925,1.4737521789034715,1.0
-0.400927319937359,3.0730591068314084,0.0
0.1606176697880442,2.4345852433964974,0.0
0.10400135696033488,1.7774034298635804,0.0
-0.34269900017221167,1.784407672879001,0.0
0.13695049684778346,1.981509368825492,0.0
3.218693553387755,1.5795556781609439,1.0
3.207781934862706,1.985481353192744,1.0
6.8703706830362,2.1876433181380786,2.0
6.147952547599007,2.566019462528301,2.0
6.010127499015226,2.6569148351271163,2.0
3.136110540298052,2.0204460287525126,1.0
5.390901995086466,2.1717027487929794,2.0
2.190855830913816,1.3857317425048876,1.0
1.8841972393411381,1.568278766399433,1.0
0.48283844120109803,2.0695959534108876,0.0
3.5702953881565263,1.1904125292747616,1.0
3.220466221615894,0.9103213743886152,1.0
-0.5711848815911704,1.8852386765050086,0.0
-0.0758234038283478,2.384248200585965,0.0
0.5524440466157438,1.8188050544482812,0.0
0.012200233686865822,2.2016201506658506,0.0
2.739360399978321,2.1954037364367354,1.0
3.295645219799313,1.4899896801766892,1.0
0.05247998773105807,1.8738634164462526,0.0
3.5694965220421566,1.90150144966318,1.0
2.3297021757848735,1.3600809954120323,1.0
5.0674287298121605,0.7578655596366717,2.0
3.034305825205686,2.443911447025533,1.0
-0.670877629378982,2.2246714397868566,0.0
0.08429461338595265,2.4076915191897563,0.0
-0.46311741796440165,2.1033934147376425,0.0
2.1453649091787987,1.4579294912578304,1.0
2.543222311559419,2.061147330295447,1.0
-0.8267865264222714,1.6868959900821685,0.0
2.835763450455718,2.0458195425959103,1.0
1.8598033487819519,2.1853007948806824,1.0
2.9236857139737897,1.6894073350935779,1.0
0.5441268645661604,2.0329152691071806,0.0
3.4133972456365727,1.819698186560357,1.0
0.5099925313861496,2.0953612448541423,0.0
3.0497430483985357,1.9898048039588105,1.0
6.1443303996197844,1.907149848472916,2.0
2.6685870331413515,1.7177336945668444,1.0
3.271705075409006,2.0882981240516365,1.0
0.04671084294334569,2.886653983435367,0.0
3.1128968266597967,1.9268398357473242,1.0
6.686638057342238,1.4804998471894364,2.0
3.359333018750984,1.583970765510833,1.0
-0.013858671947064298,2.495291177831409,0.0
6.830977319167398,2.514413723546517,2.0
0.32925672914514764,2.1023787897357695,0.0
-0.23173995791060978,1.6299731989689543,0.0
3.02076582264641,2.3480480021437886,1.0
-0.3952543849439067,2.203768103659374,0.0
2.7540875341175473,2.0470122505421355,1.0
0.16080840518198147,2.688698246475266,0.0
2.644768825372351,2.457706949914894,1.0
3.161202186649452,1.904086600468127,1.0
3.024575013522447,2.287636024518924,1.0
5.267554636484255,1.9568954514680414,2.0
2.4551528561586213,1.6943829021992145,1.0
-0.32203828202796597,1.7117776730874024,0.0
2.6594184857134184,1.089498561571805,1.0
3.363217745675818,2.152284976552845,1.0
-0.6855738683852008,2.1109106364041126,0.0
6.664774263846168,2.1981450110302414,2.0
2.901952850987942,1.402638313217547,1.0
1.9435167190611025,1.8196532057781099,1.0
3.2789055534540887,2.839738249919653,1.0
3.0504991711634433,2.431347410998998,1.0
5.71008901766943,2.7245230564467096,2.0
3.6647112714737036,2.799117380899297,1.0
5.690981213041558,2.0780035839214843,2.0
6.501361237134405,2.0165909381320133,2.0
3.4709071854567015,1.3034033801128362,1.0
5.968226443962164,1.1955579160609369,2.0
3.0060050682107895,1.1816591926701618,1.0
-0.27115518732691357,2.849415559495176,0.0
-0.24079074931250832,1.8239593198706254,0.0
5.774184477427055,1.2843594197302095,2.0
0.012972173110943298,2.295958252003683,0.0
0.4060506119270348,2.20921910440721,0.0
-1.0969065458808789,1.8562480065602218,0.0
5.105477746392603,2.507572780507,2.0
4.382194058227488,1.8848107104326435,1.0
2.5411722425278507,1.3917856319836601,1.0
2.5890635449593384,1.7570519914609135,1.0
6.635238517105089,2.4352480154827596,2.0
3.1252184481019643,1.3720507691583361,1.0
2.8857942631745805,1.5403194313723458,1.0
5.0630046415166206,1.142487655986245,2.0
-0.6764857620558419,1.8463794095700294,0.0
-0.6849880797693461,1.9791124499829302,0.0
-0.2969276699360957,1.7698944369858438,0.0
-0.2474542512675146,1.8233932384232001,0.0
3.0389209158460218,2.051225510875076,1.0
3.51516810427172,2.3689516301635325,1.0
-0.6361909903255161,1.6751499866889334,0.0
0.2785646189325098,1.6949904099886894,0.0
2.2103854369587888,1.9796818972497496,1.0
3.1167600849626305,2.5302295498186096,1.0
5.205846431926629,1.6083163591585088,2.0
5.8360512014436425,1.6790069172953017,2.0
6.406605983371458,2.124368738632079,2.0
0.3781449090074788,2.2449846091388808,0.0
3.356686899068173,1.5736185051788547,1.0
0.36781568092191536,2.03114022239305,0.0
3.0788987303432975,1.8563411280435198,1.0
2.8624266770099878,2.572877434591703,1.0
0.297620355594276,2.202039942286294,0.0
4.148268474280907,1.3703790678682313,1.0
3.0910737515655113,1.8540892143387995,1.0
0.21491151089599195,2.569742186536542,0.0
3.354143382100815,2.2826668488992445,1.0
5.165237731781955,2.237343574253691,2.0
3.118470315066043,2.0686049757171068,1.0
2.758025696212502,2.247962335854195,1.0
3.192523081790381,2.346778927260747,1.0
2.617251257179363,1.0087914996557372,1.0
4.8276349334232505,2.487490635782652,2.0
3.1887959990503916,1.5839667819080587,1.0
3.11258214018534,1.9505509399692327,1.0
3.8088291730931876,1.2097224287295216,1.0
-0.30614244438754384,1.7526956614429614,0.0
3.345197656133217,2.2379627218224893,1.0
-0.6857302164417709,2.4117941039905504,0.0
0.8617855482654919,2.1034461258030266,0.0
-0.38156827556327294,2.189069688390996,0.0
0.3685258658881248,2.2099518770388684,0.0
2.7375466950949825,2.821881798757781,1.0
4.698400478617961,1.8493657433247495,1.0
3.537819966876416,1.8293860936659176,1.0
3.576363904246355,2.436174257728308,1.0
0.9523709054772433,1.8101999303031309,0.0
3.2800593505534157,2.2910525671740687,1.0
2.7932785725191986,2.1108195429460044,1.0
6.316267451686922,2.561359740592012,2.0
3.094034608023212,1.6854805951057306,1.0
-0.14442680727547252,1.894948177992042,0.0
3.635128882050817,2.5020141039786292,1.0
0.34939420009265293,2.2682220163579156,0.0
-0.28761997518925536,1.6369958455659028,0.0
-0.23932810874769783,2.229909294254299,0.0
5.756587219652683,2.6624061992133434,2.0
-0.18005644106602806,2.0984286699884143,0.0
-0.18521343567003642,1.8375739055579448,0.0
3.090465049275858,1.9031214144817084,1.0
0.22133929807355576,2.1216221970800726,0.0
3.2746562650783777,0.9102792225552605,1.0
6.371370884793602,1.0145490895148028,2.0
0.1676458831560064,2.137660559185365,0.0
3.4296321994250114,2.4960793872857714,1.0
2.52417944742017,1.8969122839169168,1.0
3.035748816739058,1.8104688957747839,1.0
5.340889226962597,1.9646138614457755,2.0
2.879939208458261,2.277472207327437,1.0
3.1888640122035543,2.5759022790578103,1.0
2.6658365544113924,2.5937445673441593,1.0
2.8301008114587947,2.3689408612972906,1.0
-0.8438602852168056,2.4237294767546,0.0
0.02911288108759497,2.287758086563915,0.0
-0.5843232884207633,2.5779837722918875,0.0
5.667034824631428,1.0065568426731266,2.0
-0.009254074017638196,1.6969963644920296,0.0
3.2458284462125633,1.511810101824758,1.0
6.401068888503932,2.1356080079177024,2.0
2.513020730270868,1.5542371820811305,1.0
2.850561120119094,2.7078945886684966,1.0
3.2976469958743393,2.55277723933255,1.0
-0.3043595155714209,1.422872405092746,0.0
5.845290415442717,1.5304633619610208,2.0
2.892225081725017,1.3708680537155402,1.0
2.339067735542999,1.364672288571041,1.0
-0.11771704164545611,2.531819311313841,0.0
2.3953839739147593,1.923200396994153,1.0
3.0182249478089442,1.558782977246945,1.0
3.003705660098625,1.903440354904881,1.0
2.7410823534077142,2.997817504959362,1.0
-1.3186443680087363,2.0462954838558125,0.0
3.7474028512499644,2.07961937789701,1.0
3.746893799508783,2.2117198354499177,1.0
0.16459238478169555,1.5223792482371317,0.0
0.12044655736468529,2.621972623478176,0.0
-0.5182658150898903,2.280316800108419,0.0
0.17891455445350823,1.8800670038418716,0.0
2.9329600049176285,1.42983111213581,1.0
2.1741208557087504,2.026565914109178,1.0
0.15850949219131935,2.0019680544131586,0.0
6.780579786494123,2.226277701736674,2.0
6.173396378567158,2.1393259741603767,2.0
2.5952956528083044,3.061283505802848,1.0
-0.7438475012619272,1.6346233106144208,0.0
3.2545538795699684,2.208246333387037,1.0
3.2913162060731063,2.1928942756582703,1.0
2.6950260662139733,2.911832126925697,1.0
1.0710238176932636,1.5308353971142534,1.0
3.324360552293751,2.048564611120222,1.0
2.5485355653084305,2.732584538939256,1.0
3.004283318876499,1.5731731274951313,1.0
-0.3883139595650723,2.2070458858815925,0.0
2.5800524807512843,2.5985100414932862,1.0
2.898250369765322,2.1131191342864497,1.0
-0.3767931506246521,2.545053966645441,0.0
0.32336532035469184,1.876494240331784,0.0
3.095128615583223,2.264020619817742,1.0
2.9195718990271167,2.06044835047886,1.0
6.004692453684688,2.1892959517446817,2.0
6.77427485329674,2.1455255160982674,2.0
-0.6279027602331297,2.2147843960770253,0.0
-0.3420185986699878,1.867378458530309,0.0
2.781377180502414,1.6988782657124197,1.0
2.5461235306533774,1.2909099764156708,1.0
6.110069721938299,2.1688640093996057,2.0
3.6450506693846414,2.0923606404772337,1.0
-0.012474874778104026,2.058051540784385,0.0
2.8382648048056773,2.299301137655603,1.0
3.620822167064672,2.301548010052245,1.0
5.3986737053019676,1.942597092129659,2.0
-0.5504363649889757,1.6778795859519138,0.0
2.3522170904587667,2.3654917448013015,1.0
6.220899693901109,0.5230619586245095,2.0
0.29264623506887194,2.1780240069129584,0.0
0.3052552603522554,1.8031407690989814,0.0
-0.2272060218543961,2.2162639902768118,0.0
3.290920720809564,0.9529991027059999,1.0
